error_00,error_01,error_10,error_11,mean_absolute_error,iterations,learning_rate
-0.45309234,0.56049933,0.55994164,-0.43854136,0.50301867,500,0.01
-0.20682742,0.77956237,0.86110059,-0.14229584,0.49744656,500,0.01
-0.48868451,0.47732536,0.52916236,-0.50138419,0.49913911,500,0.01
-0.03141398,0.96339515,0.9674316,-0.03763898,0.49996993,500,0.02
-0.49399253,0.51845646,0.55251409,-0.43284061,0.49945093,500,0.02
-0.10165084,0.90000354,0.90936378,-0.07860502,0.49740579,500,0.02
-0.43873133,0.56559192,0.5094513,-0.47265753,0.49660802,500,0.03
-0.50595719,0.37393318,0.47617921,-0.61106963,0.4917848,500,0.03
-0.36220843,0.68290844,0.3670122,-0.43442299,0.46163801,500,0.05
-0.50374376,0.47542084,0.43579569,-0.57181077,0.49669277,500,0.05
-0.51736241,0.48836413,0.52159816,-0.46818283,0.49887688,500,0.1
-0.40325278,0.43869694,0.56913305,-0.52352992,0.48365317,500,0.1
-0.40274798,0.47070084,0.57326211,-0.50439094,0.48777547,500,0.2
-0.54619024,0.52345539,0.40284438,-0.5134934,0.49649585,500,0.2
-0.33147161,0.70411433,0.58726281,-0.27682209,0.47491771,500,0.3
-0.39374827,0.36276955,0.21628033,-0.70158956,0.41859692,500,0.3
-0.44416467,0.53220686,0.54136931,-0.47382792,0.49789219,500,0.4
-0.47328874,0.2453578,0.24227285,-0.74371187,0.42615781,500,0.4
-0.54644764,0.44607209,0.4692765,-0.53869193,0.50012204,500,0.5
-0.39379645,0.63230158,0.59907336,-0.3658859,0.49776432,500,0.5
-0.4768964,0.248956,0.36250688,-0.550427,0.40969657,500,0.5
-0.22262379,0.79967858,0.41178267,-0.26503889,0.42478098,500,0.6
-0.56730812,0.50575586,0.34656845,-0.52703978,0.48666805,500,0.6
-0.38731588,0.60505107,0.64374459,-0.32109997,0.48930288,500,0.7
-0.3718237,0.40219749,0.50785559,-0.5354684,0.45433629,500,0.7
-0.38453829,0.45725389,0.11922072,-0.56308837,0.38102532,500,0.8
-0.28899032,0.8071481,0.6120153,-0.21882946,0.48174579,500,0.8
-0.54737883,0.36414668,0.37948973,-0.67469851,0.49142844,500,0.9
-0.34989014,0.19645685,0.47748629,-0.24651835,0.31758791,500,0.9
-0.25714014,0.20042086,0.54556451,-0.27601431,0.31978496,500,1.0
-0.35500511,0.30661575,0.68954088,-0.2824754,0.40840929,500,1.0
-0.19455848,0.4500214,0.1255289,-0.21371522,0.245956,500,1.1
-0.37497143,0.47641565,0.47241127,-0.56383724,0.4719089,500,1.1
-0.21180019,0.24164451,0.288248,-0.31423121,0.26398098,500,1.2
-0.09532661,0.70273965,0.39063248,-0.34143208,0.38253271,500,1.2
-0.14195673,0.21558706,0.29855182,-0.37907574,0.25879284,500,1.3
-0.34686593,0.34094253,0.081338,-0.69732671,0.36661829,500,1.3
-0.28446482,0.28858804,0.24417213,-0.75297615,0.39255029,500,1.4
-0.28188243,0.47937009,0.4222114,-0.22931603,0.35319499,500,1.4
-0.09707146,0.53547087,0.50805428,-0.49007102,0.40766691,500,1.5
-0.10099952,0.4221753,0.25646275,-0.62370302,0.35083515,500,1.5
-0.09588515,0.19874854,0.56630974,-0.31800602,0.29473736,500,1.6
-0.21323117,0.03769823,0.21507057,-0.8177726,0.32094314,500,1.6
-0.5821523820458904,0.4854585614029844,0.4179704047031413,-0.513287048780863,0.4997170992332197,1000,0.01
-0.5166616757523881,0.6508465523084759,0.31221983698206535,-0.5665685378857465,0.5115741507321689,1000,0.01
-0.542473936935215,0.5172909877588101,0.450802968341228,-0.5186839675219572,0.5073129651393026,1000,0.02
-0.4198351871345368,0.5124444205173859,0.43436876307373895,-0.6066239518320982,0.49331808063944,1000,0.02
-0.4841455599477673,0.5314547362390446,0.4901427536324122,-0.4938843783387002,0.49990685703948107,1000,0.05
-0.5703563714657353,0.5669896078251002,0.39917303959902073,-0.4394003298025331,0.4939798371730973,1000,0.05
-0.47049739775176785,0.6254809003240487,0.40106035532101025,-0.38519327724080193,0.4705579826594072,1000,0.1
-0.5559533603924707,0.49929434977280507,0.47763170299859703,-0.45387139140131344,0.49668770114129657,1000,0.1
-0.4022671315691854,0.5296358196128779,0.48491211332777884,-0.5204221137013729,0.48430929455280375,1000,0.2
-0.47149277440164755,0.374764546787539,0.4728589894587407,-0.5920863652093251,0.4778006689643131,1000,0.2
-0.3966602928482282,0.20043009760901842,0.19507226521044563,-0.2675415739416428,0.26492605740233377,1000,0.5
-0.3057695260897016,0.6234222100599228,0.4039737892833578,-0.4153951439408794,0.4371401673434654,1000,0.5
-0.15922640439854535,0.11473688709718355,0.13251629014480715,-0.3412736251055086,0.18693830168651115,1000,0.75
-0.15018696900232603,0.06069860614120215,0.34456264337977116,-0.6790483139164404,0.308624133109935,1000,0.75
-0.08131639106032738,0.18092340180501087,0.3064071621664789,-0.19161373623135963,0.19006517281579421,1000,0.9
-0.08539692346312107,0.08704476131930317,0.08587969405911788,-0.09917081342353365,0.08937304806626895,1000,0.9
-0.07025246891703456,0.06963683439350588,0.07823935733239862,-0.06309997481570509,0.07030715886466105,1000,1.0
-0.10703957007858747,0.10114923621237748,0.13582520530227815,-0.17315430410474947,0.12929207892449812,1000,1.0
-0.06280852462294238,0.05709391928353624,0.057413564016830954,-0.054402084689276924,0.05792952315314663,1000,1.2
-0.07258635046333685,0.08073351790438232,0.06335543668679045,-0.05937928900414096,0.06901364851466264,1000,1.2
-0.14257977628700128,0.31234819533975255,0.29442319026018227,-0.6297972463556798,0.344787102060654,1000,1.1
-0.3241033253172798,0.1564225023990644,0.13362173611821648,-0.18513283281998621,0.19982009916363674,1000,1.1
-0.0685103400167062,0.07552284010417587,0.047020873567052646,-0.08853228585048667,0.06989658488460535,1000,1.3
-0.05656711375212434,0.06561221883752455,0.06619116593878871,-0.06193062463085487,0.06257528078982312,1000,1.3
-0.059849494581970926,0.06279151492783808,0.0512759318018593,-0.05283430809804879,0.05668781235242927,1000,1.5
-0.05366411086175607,0.07626835050143432,0.11197489130144855,-0.08671542414728296,0.08215569420298048,1000,1.5
-0.2462701159362184,0.2292942347778466,0.16882511279081758,-0.2228216538910769,0.21680277934898987,1000,0.6
-0.09130203478505651,0.6405888434891118,0.13916042016174424,-0.3831782989377627,0.3135573993434188,1000,0.6
-0.5157824912789973,0.4475637579137389,0.5001614231605942,-0.5148711383448898,0.4945947026745551,2000,0.01
-0.5071062461521039,0.49935121967912044,0.5336497841312209,-0.45203810181087845,0.4980363379433309,2000,0.01
-0.46477063418339304,0.4137426908818058,0.6376388558060252,-0.4403878488397427,0.48913500742774174,2000,0.02
-0.6052959446153405,0.4559381864697737,0.44812294576458733,-0.5537027811740263,0.5157649645059319,2000,0.02
-0.3197120503586596,0.33021788762447635,0.5144252519024327,-0.49200352403498954,0.41408967848013956,2000,0.05
-0.4146395835317619,0.490583272994348,0.4658863644457252,-0.5554214621413814,0.4816326707783042,2000,0.05
-0.45666823071340223,0.4441596723524387,0.6235836227698475,-0.40749238907056945,0.4829759787265645,2000,0.1
-0.4004541135043153,0.39735911184858885,0.4113992771727216,-0.6465712120175915,0.46394592863580436,2000,0.1
-0.4080158382480551,0.5428946669248117,0.552700512971908,-0.47535569449032256,0.49474167815877435,2000,0.25
-0.14874201164174897,0.16313252706438364,0.1734540665936284,-0.24264302162519033,0.18199290673123783,2000,0.25
-0.13899657202847013,0.16924737508369758,0.09111193234207204,-0.11607880552246677,0.12885867124417663,2000,0.5
-0.07664229687748067,0.06253293502731205,0.11725509044944138,-0.1262414847340375,0.09566795177206791,2000,0.5
-0.07049877697945468,0.057636885070584065,0.08840495566605133,-0.06088445024670119,0.06935626699069782,2000,0.6
-0.12230006244840848,0.08594262219511273,0.12665774274522446,-0.12554166838892122,0.11511052394441672,2000,0.6
-0.04302356478445424,0.06089367743662666,0.06691806902702602,-0.051078576616584596,0.05547847196617288,2000,0.75
-0.05926790959077888,0.07970667498111561,0.07899535677805192,-0.09041055960082446,0.07709512523769271,2000,0.75
-0.048075714124692366,0.04757901213030136,0.04385079872988995,-0.06279631894696253,0.05057546098296155,2000,0.9
-0.05828795941922899,0.04545195341308206,0.044085858186180604,-0.062241993833203106,0.05251694121292369,2000,0.9
-0.04042419147304488,0.0541230386628585,0.05917063543044265,-0.06161279908641843,0.053832666163191115,2000,1.0
-0.045692949823328624,0.038499669251543134,0.042821024446191513,-0.037540521131536254,0.041138541163149876,2000,1.0
-0.036538732809610674,0.037447081638654955,0.03576658382385545,-0.0590501819777738,0.042200645062473716,2000,1.2
-0.055405622048353025,0.04288466356937182,0.04300035433555338,-0.032261421889918596,0.043388015460799206,2000,1.2
-0.038784923447543244,0.04462153727748508,0.05190440743365343,-0.04519760873862658,0.045127119224327085,2000,1.1
-0.0376937351350029,0.04929666578955094,0.049188926115883214,-0.05381201674105204,0.047497835945372276,2000,1.1
-0.0145506462692585,0.6202420697171714,0.04658366046764639,-0.38708136607857385,0.26711443563316256,2000,1.3
-0.04417168786458207,0.03828966086000196,0.03389311465305145,-0.040970726717792706,0.03933129752385704,2000,1.3
-0.037132430978746044,0.03968233533408283,0.036365725568561214,-0.03581166149641247,0.03724803834445064,2000,1.4
-0.025288922042947533,0.044734112220017996,0.03703175753510013,-0.05419034770035905,0.040311284874606175,2000,1.4
-0.018189196361035415,0.039212596204077355,0.03814416668107501,-0.05548884530405274,0.03775870113756013,2000,1.5
-0.0386900033669231,0.0344756985238438,0.031888093089089464,-0.03628446410716812,0.03533456477175612,2000,1.5
-0.02621452226266191,0.028287306815270585,0.023496286503903563,-0.023645600869831144,0.0254109291129168,2000,2
-0.017271932467375392,0.031453690285930924,0.026176503732241674,-0.03938909122008233,0.02857280442640758,2000,2